"store_type","total_sales","percentage_of_total_sales","order_count"
"Local",4191902.019999597,"65.01","77714"
"Mall Kiosk",704362.4400000031,"10.92","13041"
"Outlet",507724.09000000154,"7.87","9145"
"Super Store",1043067.720000009,"16.18","19107"
"Web Portal",1067.77,"0.02","43"
